{"assets/1117.png":["assets/1117.png"],"assets/156846548945415.gif":["assets/156846548945415.gif"],"assets/1605024912218.gif":["assets/1605024912218.gif"],"assets/3shsh3.png":["assets/3shsh3.png"],"assets/9df753370d3f57e6d1325129db200f93.gif":["assets/9df753370d3f57e6d1325129db200f93.gif"],"assets/Ellipse 1.png":["assets/Ellipse 1.png"],"assets/Frame 9128.svg":["assets/Frame 9128.svg"],"assets/Frame 9178.svg":["assets/Frame 9178.svg"],"assets/Frame 9184.png":["assets/Frame 9184.png"],"assets/Group 92084.png":["assets/Group 92084.png"],"assets/Group 92251.png":["assets/Group 92251.png"],"assets/Groupeht2137.png":["assets/Groupeht2137.png"],"assets/HTD8808E-Bluetooth-wireless-thermometer_2.jpg":["assets/HTD8808E-Bluetooth-wireless-thermometer_2.jpg"],"assets/LINE_ALBUM_yuwell_230618.jpg":["assets/LINE_ALBUM_yuwell_230618.jpg"],"assets/LINE_ALBUM_yuwell_230619.jpg":["assets/LINE_ALBUM_yuwell_230619.jpg"],"assets/LINE_ALBUM_yuwell_230620.jpg":["assets/LINE_ALBUM_yuwell_230620.jpg"],"assets/LINE_ALBUM_yuwell_230621.jpg":["assets/LINE_ALBUM_yuwell_230621.jpg"],"assets/LINE_ALBUM_yuwell_230623.png":["assets/LINE_ALBUM_yuwell_230623.png"],"assets/UA-651BLE-complete.jpg":["assets/UA-651BLE-complete.jpg"],"assets/angle-small-up.png":["assets/angle-small-up.png"],"assets/backgrund/backgrund-home.svg":["assets/backgrund/backgrund-home.svg"],"assets/backgrund/backgrund.svg":["assets/backgrund/backgrund.svg"],"assets/backgrund/dfgdfd.svg":["assets/backgrund/dfgdfd.svg"],"assets/calendar.png":["assets/calendar.png"],"assets/call-center-office.jpg":["assets/call-center-office.jpg"],"assets/check.png":["assets/check.png"],"assets/close.png":["assets/close.png"],"assets/cloud-computing.png":["assets/cloud-computing.png"],"assets/correct.png":["assets/correct.png"],"assets/date.png":["assets/date.png"],"assets/doctor.png":["assets/doctor.png"],"assets/doctors-holding-hands-together-hospitalconcept-teamwork.jpg":["assets/doctors-holding-hands-together-hospitalconcept-teamwork.jpg"],"assets/eihj1.png":["assets/eihj1.png"],"assets/employee (1).png":["assets/employee (1).png"],"assets/employee.png":["assets/employee.png"],"assets/erbhjr.png":["assets/erbhjr.png"],"assets/filling-medical-record.jpg":["assets/filling-medical-record.jpg"],"assets/fonts/THSarabunNew.ttf":["assets/fonts/THSarabunNew.ttf"],"assets/gbrjkl4.png":["assets/gbrjkl4.png"],"assets/gear.png":["assets/gear.png"],"assets/gjdz.png":["assets/gjdz.png"],"assets/grass.png":["assets/grass.png"],"assets/h-map.jpg":["assets/h-map.jpg"],"assets/hjrtk2.png":["assets/hjrtk2.png"],"assets/hlsg.svg":["assets/hlsg.svg"],"assets/hraej.png":["assets/hraej.png"],"assets/ic_launcher.png":["assets/ic_launcher.png"],"assets/image_menu/Authenticate.png":["assets/image_menu/Authenticate.png"],"assets/image_menu/call-center-office.jpg":["assets/image_menu/call-center-office.jpg"],"assets/image_menu/filling-medical-record.jpg":["assets/image_menu/filling-medical-record.jpg"],"assets/image_menu/h-map.jpg":["assets/image_menu/h-map.jpg"],"assets/image_menu/information.png":["assets/image_menu/information.png"],"assets/image_menu/inquire.png":["assets/image_menu/inquire.png"],"assets/image_menu/map.png":["assets/image_menu/map.png"],"assets/image_menu/medical-checkup.jpg":["assets/image_menu/medical-checkup.jpg"],"assets/image_menu/networking-concept.jpg":["assets/image_menu/networking-concept.jpg"],"assets/image_menu/stethoscope-documents.jpg":["assets/image_menu/stethoscope-documents.jpg"],"assets/image_menu/wifi.png":["assets/image_menu/wifi.png"],"assets/jhb.png":["assets/jhb.png"],"assets/jhbjk;.png":["assets/jhbjk;.png"],"assets/jhgh.png":["assets/jhgh.png"],"assets/jhv.png":["assets/jhv.png"],"assets/jhvkb.png":["assets/jhvkb.png"],"assets/jpfs.png":["assets/jpfs.png"],"assets/kauo.png":["assets/kauo.png"],"assets/ksjope.png":["assets/ksjope.png"],"assets/login.svg":["assets/login.svg"],"assets/logo.png":["assets/logo.png"],"assets/medical-checkup.jpg":["assets/medical-checkup.jpg"],"assets/menu1.svg":["assets/menu1.svg"],"assets/networking-concept.jpg":["assets/networking-concept.jpg"],"assets/no-signal.png":["assets/no-signal.png"],"assets/note.png":["assets/note.png"],"assets/nurse.png":["assets/nurse.png"],"assets/pasd.png":["assets/pasd.png"],"assets/pasd.svg":["assets/pasd.svg"],"assets/pfrt9190.png":["assets/pfrt9190.png"],"assets/ppasc.png":["assets/ppasc.png"],"assets/queue.png":["assets/queue.png"],"assets/rsjyrsk.png":["assets/rsjyrsk.png"],"assets/sbng.png":["assets/sbng.png"],"assets/sdbz.png":["assets/sdbz.png"],"assets/sg-11134201-23010-ka1jtswb8smvff.jpg":["assets/sg-11134201-23010-ka1jtswb8smvff.jpg"],"assets/shore258.png":["assets/shore258.png"],"assets/show.png":["assets/show.png"],"assets/shr.png":["assets/shr.png"],"assets/skrhjk.png":["assets/skrhjk.png"],"assets/sounds/Sin.mp3":["assets/sounds/Sin.mp3"],"assets/sounds/Sin2.mp3":["assets/sounds/Sin2.mp3"],"assets/sounds/click_effect-86995.mp3":["assets/sounds/click_effect-86995.mp3"],"assets/sounds/click_effect-86995.zip":["assets/sounds/click_effect-86995.zip"],"assets/sounds/massad.mp3":["assets/sounds/massad.mp3"],"assets/sounds/mysound.mp3":["assets/sounds/mysound.mp3"],"assets/splash.svg":["assets/splash.svg"],"assets/splash/backlogo.svg":["assets/splash/backlogo.svg"],"assets/splash/backlogo2.svg":["assets/splash/backlogo2.svg"],"assets/splash/logo.svg":["assets/splash/logo.svg"],"assets/srhnate.png":["assets/srhnate.png"],"assets/stethoscope-documents.jpg":["assets/stethoscope-documents.jpg"],"assets/tghjk.svg":["assets/tghjk.svg"],"assets/unnamed.jpg":["assets/unnamed.jpg"],"assets/user (1).png":["assets/user (1).png"],"assets/warning (1).png":["assets/warning (1).png"],"assets/warning.png":["assets/warning.png"],"assets/wifi.png":["assets/wifi.png"],"assets/ye990.png":["assets/ye990.png"],"packages/cupertino_icons/assets/CupertinoIcons.ttf":["packages/cupertino_icons/assets/CupertinoIcons.ttf"],"packages/eva_icons_flutter/lib/fonts/Eva-Icons.ttf":["packages/eva_icons_flutter/lib/fonts/Eva-Icons.ttf"],"packages/window_manager/images/ic_chrome_close.png":["packages/window_manager/images/ic_chrome_close.png"],"packages/window_manager/images/ic_chrome_maximize.png":["packages/window_manager/images/ic_chrome_maximize.png"],"packages/window_manager/images/ic_chrome_minimize.png":["packages/window_manager/images/ic_chrome_minimize.png"],"packages/window_manager/images/ic_chrome_unmaximize.png":["packages/window_manager/images/ic_chrome_unmaximize.png"]}